VehicleID,Type,Battery_Level_Pct,Last_Maintenance_Date
V0001,E-Bike,13,2025-09-12
V0002,E-Bike,17,2025-08-18
V0003,E-Bike,86,2025-09-18
V0004,E-Bike,11,2025-08-25
V0005,E-Bike,53,2025-08-06
V0006,E-Bike,66,2025-09-24
V0007,E-Bike,67,2025-08-30
V0008,E-Bike,16,2025-08-03
V0009,E-Bike,54,2025-08-31
V0010,E-Bike,59,2025-09-12
V0011,E-Bike,42,2025-08-31
V0012,E-Bike,19,2025-08-08
V0013,E-Bike,55,2025-08-24
V0014,E-Bike,63,2025-09-11
V0015,E-Bike,48,2025-08-29
V0016,E-Bike,41,2025-09-22
V0017,E-Bike,80,2025-09-14
V0018,E-Bike,95,2025-08-20
V0019,E-Bike,67,2025-08-11
V0020,E-Bike,79,2025-09-25
V0021,E-Bike,96,2025-09-13
V0022,E-Bike,87,2025-09-12
V0023,E-Bike,78,2025-09-16
V0024,E-Bike,53,2025-08-15
V0025,E-Bike,65,2025-09-07
V0026,E-Bike,100,2025-09-15
V0027,E-Bike,34,2025-09-28
V0028,E-Bike,93,2025-09-24
V0029,E-Bike,71,2025-08-13
V0030,E-Bike,79,2025-08-24
V0031,E-Bike,74,2025-08-04
V0032,E-Bike,25,2025-09-15
V0033,E-Bike,34,2025-08-12
V0034,E-Bike,86,2025-08-29
V0035,E-Bike,98,2025-08-15
V0036,E-Bike,51,2025-09-26
V0037,E-Bike,14,2025-08-18
V0038,E-Bike,87,2025-08-05
V0039,E-Bike,77,2025-08-07
V0040,E-Bike,80,2025-08-11
V0041,E-Bike,64,2025-08-24
V0042,E-Bike,33,2025-08-16
V0043,E-Bike,63,2025-09-25
V0044,E-Bike,25,2025-08-17
V0045,E-Bike,81,2025-09-25
V0046,E-Bike,84,2025-09-13
V0047,E-Bike,62,2025-09-13
V0048,E-Bike,37,2025-09-09
V0049,E-Bike,90,2025-08-05
V0050,E-Bike,62,2025-09-21
V0051,E-Bike,66,2025-08-12
V0052,E-Bike,65,2025-08-16
V0053,E-Bike,22,2025-08-25
V0054,E-Bike,64,2025-09-03
V0055,E-Bike,22,2025-09-03
V0056,E-Bike,23,2025-09-24
V0057,E-Bike,62,2025-09-02
V0058,E-Bike,20,2025-09-17
V0059,E-Bike,10,2025-09-14
V0060,E-Bike,63,2025-08-21
V0061,E-Bike,72,2025-08-02
V0062,E-Bike,29,2025-09-18
V0063,E-Bike,31,2025-08-18
V0064,E-Bike,54,2025-09-12
V0065,E-Bike,82,2025-08-07
V0066,E-Bike,21,2025-09-03
V0067,E-Bike,86,2025-08-29
V0068,E-Bike,80,2025-08-02
V0069,E-Bike,10,2025-09-05
V0070,E-Bike,86,2025-08-23
V0071,E-Bike,93,2025-09-20
V0072,E-Bike,72,2025-09-30
V0073,E-Bike,37,2025-08-03
V0074,E-Bike,69,2025-08-29
V0075,E-Bike,64,2025-08-23
V0076,E-Bike,94,2025-08-07
V0077,E-Bike,51,2025-08-14
V0078,E-Bike,75,2025-09-04
V0079,E-Bike,11,2025-08-01
V0080,E-Bike,50,2025-09-19
V0081,E-Bike,46,2025-09-01
V0082,E-Bike,28,2025-09-24
V0083,E-Bike,21,2025-09-24
V0084,E-Bike,85,2025-08-10
V0085,E-Bike,96,2025-09-14
V0086,E-Bike,57,2025-09-30
V0087,E-Bike,48,2025-08-29
V0088,E-Bike,85,2025-08-05
V0089,E-Bike,21,2025-08-02
V0090,E-Bike,30,2025-09-18
V0091,E-Bike,34,2025-09-26
V0092,E-Bike,59,2025-09-05
V0093,E-Bike,84,2025-08-02
V0094,E-Bike,72,2025-08-24
V0095,E-Bike,20,2025-08-19
V0096,E-Bike,19,2025-09-20
V0097,E-Bike,98,2025-08-25
V0098,E-Bike,44,2025-09-05
V0099,E-Bike,10,2025-09-05
V0100,E-Bike,97,2025-08-31
V0101,E-Bike,94,2025-08-12
V0102,E-Bike,14,2025-09-10
V0103,E-Bike,24,2025-09-25
V0104,E-Bike,37,2025-09-07
V0105,E-Bike,48,2025-08-08
V0106,E-Bike,33,2025-09-13
V0107,E-Bike,57,2025-09-15
V0108,E-Bike,52,2025-09-09
V0109,E-Bike,71,2025-08-16
V0110,E-Bike,62,2025-08-26
V0111,E-Bike,33,2025-09-02
V0112,E-Bike,88,2025-09-02
V0113,E-Bike,45,2025-08-18
V0114,E-Bike,30,2025-09-03
V0115,E-Bike,54,2025-09-08
V0116,E-Bike,45,2025-08-14
V0117,E-Bike,22,2025-09-15
V0118,E-Bike,29,2025-08-15
V0119,E-Bike,85,2025-08-16
V0120,E-Bike,67,2025-09-12
V0121,E-Bike,45,2025-08-03
V0122,E-Bike,65,2025-08-14
V0123,E-Bike,68,2025-08-10
V0124,E-Bike,20,2025-09-07
V0125,E-Bike,14,2025-09-15
V0126,E-Bike,77,2025-09-22
V0127,E-Bike,10,2025-09-30
V0128,E-Bike,17,2025-08-14
V0129,E-Bike,54,2025-08-07
V0130,E-Bike,66,2025-08-30
V0131,E-Bike,28,2025-09-18
V0132,E-Bike,30,2025-09-15
V0133,E-Bike,23,2025-08-02
V0134,E-Bike,52,2025-09-15
V0135,E-Bike,68,2025-08-16
V0136,E-Bike,82,2025-08-21
V0137,E-Bike,68,2025-08-06
V0138,E-Bike,39,2025-09-17
V0139,E-Bike,72,2025-09-29
V0140,E-Bike,94,2025-09-11
V0141,E-Bike,78,2025-08-31
V0142,E-Bike,97,2025-08-07
V0143,E-Bike,74,2025-09-02
V0144,E-Bike,38,2025-08-04
V0145,E-Bike,32,2025-08-21
V0146,E-Bike,87,2025-08-01
V0147,E-Bike,99,2025-08-03
V0148,E-Bike,54,2025-09-08
V0149,E-Bike,49,2025-09-05
V0150,E-Bike,26,2025-09-10
V0151,E-Bike,23,2025-08-10
V0152,E-Bike,81,2025-09-14
V0153,E-Bike,29,2025-08-18
V0154,E-Bike,41,2025-09-15
V0155,E-Bike,44,2025-09-28
V0156,E-Bike,69,2025-09-08
V0157,E-Bike,40,2025-09-23
V0158,E-Bike,69,2025-08-17
V0159,E-Bike,62,2025-08-04
V0160,E-Bike,39,2025-08-16
V0161,E-Bike,76,2025-08-08
V0162,E-Bike,17,2025-09-09
V0163,E-Bike,11,2025-09-01
V0164,E-Bike,100,2025-08-30
V0165,E-Bike,13,2025-08-21
V0166,E-Bike,23,2025-09-05
V0167,E-Bike,24,2025-09-12
V0168,E-Bike,94,2025-08-12
V0169,E-Bike,18,2025-08-15
V0170,E-Bike,96,2025-08-17
V0171,E-Bike,29,2025-08-15
V0172,E-Bike,75,2025-09-26
V0173,E-Bike,85,2025-08-12
V0174,E-Bike,48,2025-09-28
V0175,E-Bike,28,2025-09-03
V0176,E-Bike,73,2025-08-10
V0177,E-Bike,84,2025-09-13
V0178,E-Bike,82,2025-08-04
V0179,E-Bike,54,2025-08-09
V0180,E-Bike,53,2025-09-22
V0181,E-Bike,20,2025-09-11
V0182,E-Bike,42,2025-09-30
V0183,E-Bike,85,2025-09-16
V0184,E-Bike,41,2025-08-27
V0185,E-Bike,16,2025-08-05
V0186,E-Bike,62,2025-08-11
V0187,E-Bike,85,2025-08-10
V0188,E-Bike,43,2025-09-27
V0189,E-Bike,97,2025-08-15
V0190,E-Bike,72,2025-09-12
V0191,E-Bike,49,2025-09-13
V0192,E-Bike,30,2025-08-09
V0193,E-Bike,36,2025-08-28
V0194,E-Bike,71,2025-08-25
V0195,E-Bike,49,2025-08-16
V0196,E-Bike,96,2025-08-09
V0197,E-Bike,24,2025-08-27
V0198,E-Bike,32,2025-09-03
V0199,E-Bike,65,2025-09-02
V0200,E-Bike,93,2025-09-03
V0201,E-Bike,16,2025-09-06
V0202,E-Bike,86,2025-09-24
V0203,E-Bike,46,2025-08-29
V0204,E-Bike,61,2025-09-28
V0205,E-Bike,46,2025-08-19
V0206,E-Bike,44,2025-08-19
V0207,E-Bike,63,2025-08-06
V0208,E-Bike,41,2025-09-24
V0209,E-Bike,37,2025-08-07
V0210,E-Bike,65,2025-08-18
V0211,E-Bike,24,2025-08-11
V0212,E-Bike,86,2025-09-18
V0213,E-Bike,42,2025-08-10
V0214,E-Bike,49,2025-08-13
V0215,E-Bike,16,2025-09-01
V0216,E-Bike,72,2025-08-28
V0217,E-Bike,48,2025-08-10
V0218,E-Bike,12,2025-09-04
V0219,E-Bike,87,2025-08-03
V0220,E-Bike,98,2025-08-05
V0221,E-Bike,52,2025-08-31
V0222,E-Bike,83,2025-08-14
V0223,E-Bike,11,2025-09-25
V0224,E-Bike,90,2025-08-07
V0225,E-Bike,78,2025-09-28
V0226,E-Bike,33,2025-08-12
V0227,E-Bike,10,2025-08-25
V0228,E-Bike,41,2025-08-01
V0229,E-Bike,35,2025-09-07
V0230,E-Bike,27,2025-08-03
V0231,E-Bike,19,2025-09-27
V0232,E-Bike,82,2025-09-09
V0233,E-Bike,53,2025-08-01
V0234,E-Bike,33,2025-09-21
V0235,E-Bike,44,2025-08-29
V0236,E-Bike,57,2025-08-12
V0237,E-Bike,99,2025-08-01
V0238,E-Bike,57,2025-09-10
V0239,E-Bike,46,2025-08-04
V0240,E-Bike,73,2025-08-19
V0241,E-Bike,11,2025-09-01
V0242,E-Bike,33,2025-09-04
V0243,E-Bike,22,2025-09-13
V0244,E-Bike,59,2025-09-26
V0245,E-Bike,40,2025-08-27
V0246,E-Bike,100,2025-09-30
V0247,E-Bike,30,2025-09-26
V0248,E-Bike,31,2025-09-25
V0249,E-Bike,60,2025-08-02
V0250,E-Bike,76,2025-08-24
V0251,E-Bike,74,2025-08-10
V0252,E-Bike,45,2025-08-10
V0253,E-Bike,40,2025-08-02
V0254,E-Bike,18,2025-08-09
V0255,E-Bike,28,2025-08-02
V0256,E-Bike,44,2025-08-18
V0257,E-Bike,52,2025-09-05
V0258,E-Bike,94,2025-08-15
V0259,E-Bike,36,2025-08-25
V0260,E-Bike,30,2025-08-02
V0261,E-Bike,87,2025-08-27
V0262,E-Bike,63,2025-08-16
V0263,E-Bike,86,2025-08-11
V0264,E-Bike,63,2025-09-01
V0265,E-Bike,47,2025-09-10
V0266,E-Bike,72,2025-09-24
V0267,E-Bike,74,2025-08-05
V0268,E-Bike,40,2025-09-12
V0269,E-Bike,90,2025-08-06
V0270,E-Bike,65,2025-08-28
V0271,E-Bike,20,2025-09-14
V0272,E-Bike,86,2025-09-14
V0273,E-Bike,50,2025-09-27
V0274,E-Bike,25,2025-08-27
V0275,E-Bike,57,2025-09-19
V0276,E-Bike,20,2025-08-24
V0277,E-Bike,40,2025-08-19
V0278,E-Bike,47,2025-08-25
V0279,E-Bike,78,2025-08-24
V0280,E-Bike,69,2025-09-21
V0281,E-Bike,24,2025-09-06
V0282,E-Bike,48,2025-08-02
V0283,E-Bike,68,2025-08-09
V0284,E-Bike,84,2025-08-15
V0285,E-Bike,64,2025-09-05
V0286,E-Bike,35,2025-08-11
V0287,E-Bike,48,2025-09-04
V0288,E-Bike,10,2025-08-27
V0289,E-Bike,33,2025-08-25
V0290,E-Bike,11,2025-09-09
V0291,E-Bike,100,2025-08-24
V0292,E-Bike,79,2025-08-22
V0293,E-Bike,100,2025-09-01
V0294,E-Bike,21,2025-09-12
V0295,E-Bike,74,2025-08-18
V0296,E-Bike,33,2025-08-22
V0297,E-Bike,61,2025-08-05
V0298,E-Bike,76,2025-08-01
V0299,E-Bike,39,2025-09-10
V0300,E-Bike,74,2025-08-13
V0301,E-Bike,38,2025-08-15
V0302,E-Bike,62,2025-08-12
V0303,E-Bike,84,2025-08-12
V0304,E-Bike,43,2025-08-04
V0305,E-Bike,44,2025-08-22
V0306,E-Bike,79,2025-09-25
V0307,E-Bike,48,2025-08-26
V0308,E-Bike,86,2025-09-06
V0309,E-Bike,53,2025-08-14
V0310,E-Bike,95,2025-08-05
V0311,E-Bike,100,2025-09-09
V0312,E-Bike,43,2025-09-24
V0313,E-Bike,69,2025-09-05
V0314,E-Bike,68,2025-08-17
V0315,E-Bike,93,2025-09-29
V0316,E-Bike,59,2025-08-12
V0317,E-Bike,90,2025-08-18
V0318,E-Bike,12,2025-09-06
V0319,E-Bike,34,2025-08-07
V0320,E-Bike,68,2025-09-06
V0321,E-Bike,32,2025-09-06
V0322,E-Bike,25,2025-09-03
V0323,E-Bike,33,2025-09-10
V0324,E-Bike,30,2025-08-10
V0325,E-Bike,52,2025-09-29
V0326,E-Bike,59,2025-09-17
V0327,E-Bike,58,2025-08-22
V0328,E-Bike,21,2025-09-04
V0329,E-Bike,39,2025-08-03
V0330,E-Bike,32,2025-08-12
V0331,E-Bike,51,2025-08-25
V0332,E-Bike,35,2025-09-20
V0333,E-Bike,15,2025-08-13
V0334,E-Bike,80,2025-08-23
V0335,E-Bike,34,2025-08-17
V0336,E-Bike,58,2025-08-03
V0337,E-Bike,19,2025-08-01
V0338,E-Bike,30,2025-09-25
V0339,E-Bike,25,2025-08-03
V0340,E-Bike,81,2025-09-05
V0341,E-Bike,93,2025-08-26
V0342,E-Bike,42,2025-09-21
V0343,E-Bike,87,2025-09-22
V0344,E-Bike,15,2025-08-19
V0345,E-Bike,52,2025-09-19
V0346,E-Bike,30,2025-08-01
V0347,E-Bike,55,2025-08-02
V0348,E-Bike,91,2025-09-09
V0349,E-Bike,11,2025-09-23
V0350,E-Bike,55,2025-08-19
V0351,E-Bike,44,2025-08-12
V0352,E-Bike,93,2025-08-02
V0353,E-Bike,52,2025-09-26
V0354,E-Bike,13,2025-08-12
V0355,E-Bike,97,2025-09-14
V0356,E-Bike,21,2025-08-20
V0357,E-Bike,35,2025-09-13
V0358,E-Bike,55,2025-08-21
V0359,E-Bike,33,2025-08-05
V0360,E-Bike,24,2025-08-18
V0361,E-Bike,88,2025-08-30
V0362,E-Bike,16,2025-09-23
V0363,E-Bike,47,2025-09-29
V0364,E-Bike,35,2025-09-30
V0365,E-Bike,98,2025-09-26
V0366,E-Bike,56,2025-09-24
V0367,E-Bike,15,2025-08-21
V0368,E-Bike,61,2025-09-09
V0369,E-Bike,91,2025-08-22
V0370,E-Bike,16,2025-09-26
V0371,E-Bike,20,2025-08-18
V0372,E-Bike,25,2025-08-26
V0373,E-Bike,94,2025-09-16
V0374,E-Bike,26,2025-09-13
V0375,E-Bike,18,2025-08-24
V0376,E-Bike,91,2025-09-15
V0377,E-Bike,36,2025-08-30
V0378,E-Bike,38,2025-09-20
V0379,E-Bike,79,2025-08-10
V0380,E-Bike,79,2025-08-18
V0381,E-Bike,27,2025-09-20
V0382,E-Bike,31,2025-08-03
V0383,E-Bike,77,2025-08-16
V0384,E-Bike,28,2025-09-18
V0385,E-Bike,62,2025-09-24
V0386,E-Bike,90,2025-08-02
V0387,E-Bike,47,2025-09-28
V0388,E-Bike,22,2025-08-31
V0389,E-Bike,32,2025-08-03
V0390,E-Bike,64,2025-09-11
V0391,E-Bike,20,2025-09-19
V0392,E-Bike,45,2025-08-16
V0393,E-Bike,89,2025-08-30
V0394,E-Bike,87,2025-09-11
V0395,E-Bike,44,2025-09-19
V0396,E-Bike,38,2025-08-10
V0397,E-Bike,83,2025-08-19
V0398,E-Bike,60,2025-09-05
V0399,E-Bike,57,2025-08-28
V0400,E-Bike,37,2025-08-21
V0401,E-Bike,76,2025-08-13
V0402,E-Bike,91,2025-08-03
V0403,E-Bike,19,2025-08-03
V0404,E-Bike,99,2025-08-23
V0405,E-Bike,90,2025-08-28
V0406,E-Bike,49,2025-08-22
V0407,E-Bike,50,2025-09-02
V0408,E-Bike,17,2025-09-05
V0409,E-Bike,20,2025-08-29
V0410,E-Bike,66,2025-08-30
V0411,E-Bike,40,2025-08-10
V0412,E-Bike,78,2025-08-05
V0413,E-Bike,71,2025-09-21
V0414,E-Bike,69,2025-08-23
V0415,E-Bike,92,2025-09-08
V0416,E-Bike,100,2025-08-13
V0417,E-Bike,37,2025-08-16
V0418,E-Bike,95,2025-08-18
V0419,E-Bike,25,2025-09-17
V0420,E-Bike,84,2025-08-12
V0421,E-Bike,92,2025-08-30
V0422,E-Bike,74,2025-08-18
V0423,E-Bike,69,2025-09-16
V0424,E-Bike,66,2025-08-04
V0425,E-Bike,73,2025-08-02
V0426,E-Bike,54,2025-09-09
V0427,E-Bike,26,2025-08-28
V0428,E-Bike,85,2025-08-11
V0429,E-Bike,85,2025-09-14
V0430,E-Bike,75,2025-09-10
V0431,E-Bike,82,2025-08-06
V0432,E-Bike,52,2025-09-30
V0433,E-Bike,73,2025-08-21
V0434,E-Bike,17,2025-09-19
V0435,E-Bike,71,2025-09-19
V0436,E-Bike,86,2025-08-29
V0437,E-Bike,62,2025-09-22
V0438,E-Bike,97,2025-09-24
V0439,E-Bike,54,2025-08-29
V0440,E-Bike,47,2025-09-24
V0441,E-Bike,87,2025-09-12
V0442,E-Bike,82,2025-09-26
V0443,E-Bike,91,2025-08-02
V0444,E-Bike,30,2025-08-14
V0445,E-Bike,43,2025-08-04
V0446,E-Bike,40,2025-09-19
V0447,E-Bike,76,2025-08-24
V0448,E-Bike,16,2025-08-04
V0449,E-Bike,11,2025-09-17
V0450,E-Bike,35,2025-08-22
V0451,E-Bike,63,2025-09-30
V0452,E-Bike,84,2025-08-29
V0453,E-Bike,90,2025-08-28
V0454,E-Bike,32,2025-09-30
V0455,E-Bike,44,2025-08-15
V0456,E-Bike,52,2025-09-02
V0457,E-Bike,45,2025-09-17
V0458,E-Bike,53,2025-09-21
V0459,E-Bike,38,2025-08-14
V0460,E-Bike,20,2025-08-28
V0461,E-Bike,57,2025-08-20
V0462,E-Bike,22,2025-08-23
V0463,E-Bike,25,2025-08-12
V0464,E-Bike,49,2025-09-16
V0465,E-Bike,47,2025-09-16
V0466,E-Bike,34,2025-09-28
V0467,E-Bike,60,2025-09-04
V0468,E-Bike,47,2025-08-21
V0469,E-Bike,72,2025-09-21
V0470,E-Bike,66,2025-09-14
V0471,E-Bike,53,2025-08-31
V0472,E-Bike,89,2025-09-19
V0473,E-Bike,55,2025-09-29
V0474,E-Bike,15,2025-08-11
V0475,E-Bike,58,2025-09-14
V0476,E-Bike,55,2025-09-12
V0477,E-Bike,13,2025-08-09
V0478,E-Bike,72,2025-08-19
V0479,E-Bike,19,2025-09-20
V0480,E-Bike,96,2025-08-05
V0481,E-Bike,87,2025-08-26
V0482,E-Bike,77,2025-08-08
V0483,E-Bike,17,2025-09-19
V0484,E-Bike,95,2025-09-08
V0485,E-Bike,64,2025-09-17
V0486,E-Bike,66,2025-09-05
V0487,E-Bike,31,2025-09-24
V0488,E-Bike,25,2025-08-09
V0489,E-Bike,30,2025-08-11
V0490,E-Bike,48,2025-08-08
V0491,E-Bike,75,2025-08-17
V0492,E-Bike,14,2025-08-27
V0493,E-Bike,71,2025-08-16
V0494,E-Bike,82,2025-09-06
V0495,E-Bike,84,2025-09-21
V0496,E-Bike,69,2025-08-19
V0497,E-Bike,42,2025-08-23
V0498,E-Bike,44,2025-09-04
V0499,E-Bike,75,2025-08-03
V0500,E-Bike,84,2025-09-19
V0501,E-Bike,53,2025-08-25
V0502,E-Bike,44,2025-08-28
V0503,E-Bike,35,2025-09-13
V0504,E-Bike,38,2025-08-11
V0505,E-Bike,59,2025-08-31
V0506,E-Bike,77,2025-08-06
V0507,E-Bike,30,2025-08-21
V0508,E-Bike,27,2025-08-31
V0509,E-Bike,54,2025-09-21
V0510,E-Bike,46,2025-09-03
V0511,E-Bike,14,2025-08-30
V0512,E-Bike,75,2025-08-05
V0513,E-Bike,25,2025-08-23
V0514,E-Bike,83,2025-08-30
V0515,E-Bike,79,2025-08-09
V0516,E-Bike,82,2025-09-06
V0517,E-Bike,35,2025-08-20
V0518,E-Bike,15,2025-09-16
V0519,E-Bike,68,2025-09-21
V0520,E-Bike,28,2025-09-29
V0521,E-Bike,47,2025-08-01
V0522,E-Bike,34,2025-09-26
V0523,E-Bike,76,2025-08-19
V0524,E-Bike,40,2025-08-31
V0525,E-Bike,99,2025-08-17
V0526,E-Bike,36,2025-08-17
V0527,E-Bike,30,2025-08-31
V0528,E-Bike,76,2025-08-13
V0529,E-Bike,96,2025-08-26
V0530,E-Bike,76,2025-08-07
V0531,E-Bike,99,2025-09-07
V0532,E-Bike,14,2025-08-31
V0533,E-Bike,88,2025-09-20
V0534,E-Bike,70,2025-08-05
V0535,E-Bike,10,2025-08-01
V0536,E-Bike,25,2025-09-04
V0537,E-Bike,35,2025-08-10
V0538,E-Bike,78,2025-09-21
V0539,E-Bike,51,2025-08-29
V0540,E-Bike,52,2025-08-25
V0541,E-Bike,48,2025-09-19
V0542,E-Bike,57,2025-09-12
V0543,E-Bike,71,2025-08-05
V0544,E-Bike,32,2025-09-23
V0545,E-Bike,64,2025-08-16
V0546,E-Bike,16,2025-08-31
V0547,E-Bike,67,2025-09-06
V0548,E-Bike,88,2025-09-10
V0549,E-Bike,38,2025-09-05
V0550,E-Bike,25,2025-09-24
V0551,E-Bike,70,2025-09-11
V0552,E-Bike,18,2025-08-15
V0553,E-Bike,75,2025-08-02
V0554,E-Bike,97,2025-09-02
V0555,E-Bike,65,2025-09-16
V0556,E-Bike,82,2025-08-24
V0557,E-Bike,93,2025-09-01
V0558,E-Bike,88,2025-08-02
V0559,E-Bike,15,2025-08-04
V0560,E-Bike,77,2025-09-16
V0561,E-Bike,100,2025-08-04
V0562,E-Bike,85,2025-08-01
V0563,E-Bike,61,2025-09-26
V0564,E-Bike,51,2025-09-08
V0565,E-Bike,30,2025-08-05
V0566,E-Bike,87,2025-09-19
V0567,E-Bike,49,2025-08-25
V0568,E-Bike,15,2025-08-29
V0569,E-Bike,23,2025-09-04
V0570,E-Bike,85,2025-09-07
V0571,E-Bike,98,2025-08-03
V0572,E-Bike,30,2025-08-14
V0573,E-Bike,70,2025-08-29
V0574,E-Bike,67,2025-08-23
V0575,E-Bike,71,2025-09-26
V0576,E-Bike,48,2025-09-30
V0577,E-Bike,15,2025-08-11
V0578,E-Bike,11,2025-08-15
V0579,E-Bike,37,2025-08-25
V0580,E-Bike,98,2025-08-25
V0581,E-Bike,28,2025-09-19
V0582,E-Bike,13,2025-08-03
V0583,E-Bike,66,2025-08-28
V0584,E-Bike,65,2025-08-03
V0585,E-Bike,51,2025-09-02
V0586,E-Bike,54,2025-08-07
V0587,E-Bike,14,2025-08-13
V0588,E-Bike,43,2025-08-21
V0589,E-Bike,16,2025-09-16
V0590,E-Bike,39,2025-08-19
V0591,E-Bike,70,2025-08-12
V0592,E-Bike,87,2025-09-13
V0593,E-Bike,98,2025-09-10
V0594,E-Bike,61,2025-09-27
V0595,E-Bike,65,2025-09-13
V0596,E-Bike,52,2025-09-30
V0597,E-Bike,78,2025-08-30
V0598,E-Bike,36,2025-08-12
V0599,E-Bike,34,2025-09-16
V0600,E-Bike,51,2025-08-15
V0601,E-Bike,35,2025-09-23
V0602,E-Bike,67,2025-09-15
V0603,E-Bike,84,2025-09-24
V0604,E-Bike,19,2025-08-06
V0605,E-Bike,81,2025-09-26
V0606,E-Bike,27,2025-08-20
V0607,E-Bike,80,2025-09-18
V0608,E-Bike,37,2025-08-10
V0609,E-Bike,16,2025-09-20
V0610,E-Bike,83,2025-09-21
V0611,E-Bike,13,2025-08-16
V0612,E-Bike,23,2025-09-06
V0613,E-Bike,28,2025-08-05
V0614,E-Bike,82,2025-08-14
V0615,E-Bike,94,2025-09-24
V0616,E-Bike,66,2025-08-10
V0617,E-Bike,76,2025-09-30
V0618,E-Bike,42,2025-08-24
V0619,E-Bike,62,2025-08-21
V0620,E-Bike,36,2025-08-06
V0621,E-Bike,74,2025-09-24
V0622,E-Bike,92,2025-09-29
V0623,E-Bike,61,2025-09-01
V0624,E-Bike,58,2025-09-22
V0625,E-Bike,90,2025-08-02
V0626,E-Bike,26,2025-08-08
V0627,E-Bike,36,2025-08-08
V0628,E-Bike,16,2025-08-26
V0629,E-Bike,92,2025-09-06
V0630,E-Bike,59,2025-09-15
V0631,E-Bike,95,2025-08-03
V0632,E-Bike,18,2025-09-29
V0633,E-Bike,97,2025-09-19
V0634,E-Bike,64,2025-08-02
V0635,E-Bike,29,2025-08-05
V0636,E-Bike,89,2025-08-16
V0637,E-Bike,52,2025-09-30
V0638,E-Bike,40,2025-09-17
V0639,E-Bike,24,2025-08-31
V0640,E-Bike,24,2025-09-01
V0641,E-Bike,51,2025-08-26
V0642,E-Bike,31,2025-09-02
V0643,E-Bike,16,2025-08-07
V0644,E-Bike,94,2025-09-12
V0645,E-Bike,59,2025-08-06
V0646,E-Bike,23,2025-09-27
V0647,E-Bike,73,2025-08-25
V0648,E-Bike,13,2025-08-10
V0649,E-Bike,78,2025-09-28
V0650,E-Bike,66,2025-08-12
V0651,E-Bike,88,2025-09-27
V0652,E-Bike,52,2025-08-10
V0653,E-Bike,28,2025-09-17
V0654,E-Bike,57,2025-09-12
V0655,E-Bike,63,2025-08-21
V0656,E-Bike,97,2025-09-22
V0657,E-Bike,42,2025-08-05
V0658,E-Bike,61,2025-08-25
V0659,E-Bike,47,2025-09-15
V0660,E-Bike,41,2025-09-06
V0661,E-Bike,19,2025-09-14
V0662,E-Bike,38,2025-08-29
V0663,E-Bike,49,2025-08-03
V0664,E-Bike,29,2025-08-13
V0665,E-Bike,35,2025-08-13
V0666,E-Bike,33,2025-08-06
V0667,E-Bike,48,2025-08-30
V0668,E-Bike,38,2025-09-06
V0669,E-Bike,70,2025-08-14
V0670,E-Bike,68,2025-08-02
V0671,E-Bike,42,2025-08-16
V0672,E-Bike,76,2025-09-04
V0673,E-Bike,12,2025-09-09
V0674,E-Bike,68,2025-08-27
V0675,E-Bike,45,2025-08-14
V0676,E-Bike,20,2025-08-24
V0677,E-Bike,42,2025-09-11
V0678,E-Bike,80,2025-08-13
V0679,E-Bike,81,2025-09-17
V0680,E-Bike,76,2025-08-02
V0681,E-Bike,27,2025-08-21
V0682,E-Bike,57,2025-08-12
V0683,E-Bike,19,2025-08-29
V0684,E-Bike,59,2025-08-23
V0685,E-Bike,79,2025-09-13
V0686,E-Bike,93,2025-09-06
V0687,E-Bike,97,2025-08-10
V0688,E-Bike,76,2025-09-15
V0689,E-Bike,14,2025-08-10
V0690,E-Bike,98,2025-08-28
V0691,E-Bike,48,2025-09-08
V0692,E-Bike,83,2025-08-17
V0693,E-Bike,60,2025-08-07
V0694,E-Bike,92,2025-08-08
V0695,E-Bike,90,2025-09-23
V0696,E-Bike,56,2025-09-20
V0697,E-Bike,98,2025-09-01
V0698,E-Bike,21,2025-09-18
V0699,E-Bike,78,2025-09-16
V0700,E-Bike,58,2025-09-28
V0701,E-Bike,77,2025-08-29
V0702,E-Bike,22,2025-09-10
V0703,E-Bike,86,2025-09-09
V0704,E-Bike,49,2025-09-13
V0705,E-Bike,21,2025-08-09
V0706,E-Bike,30,2025-09-07
V0707,E-Bike,26,2025-09-09
V0708,E-Bike,26,2025-09-13
V0709,E-Bike,74,2025-09-21
V0710,E-Bike,96,2025-08-04
V0711,E-Bike,67,2025-08-24
V0712,E-Bike,68,2025-08-30
V0713,E-Bike,48,2025-08-24
V0714,E-Bike,10,2025-09-07
V0715,E-Bike,19,2025-08-20
V0716,E-Bike,43,2025-08-15
V0717,E-Bike,15,2025-09-08
V0718,E-Bike,53,2025-09-23
V0719,E-Bike,19,2025-08-14
V0720,E-Bike,19,2025-08-05
V0721,E-Bike,16,2025-08-25
V0722,E-Bike,94,2025-08-10
V0723,E-Bike,55,2025-09-28
V0724,E-Bike,40,2025-08-15
V0725,E-Bike,38,2025-09-01
V0726,E-Bike,81,2025-08-11
V0727,E-Bike,81,2025-08-04
V0728,E-Bike,33,2025-09-04
V0729,E-Bike,73,2025-08-10
V0730,E-Bike,83,2025-09-29
V0731,E-Bike,15,2025-08-25
V0732,E-Bike,64,2025-09-21
V0733,E-Bike,68,2025-08-11
V0734,E-Bike,40,2025-09-10
V0735,E-Bike,58,2025-08-04
V0736,E-Bike,60,2025-09-27
V0737,E-Bike,87,2025-08-15
V0738,E-Bike,80,2025-08-06
V0739,E-Bike,45,2025-09-01
V0740,E-Bike,51,2025-08-13
V0741,E-Bike,49,2025-09-16
V0742,E-Bike,13,2025-08-13
V0743,E-Bike,52,2025-08-24
V0744,E-Bike,28,2025-08-24
V0745,E-Bike,98,2025-08-19
V0746,E-Bike,83,2025-09-13
V0747,E-Bike,15,2025-09-07
V0748,E-Bike,18,2025-08-14
V0749,E-Bike,50,2025-08-14
V0750,E-Bike,36,2025-09-11
V0751,E-Bike,31,2025-08-04
V0752,E-Bike,77,2025-08-30
V0753,E-Bike,11,2025-08-19
V0754,E-Bike,22,2025-09-04
V0755,E-Bike,82,2025-08-19
V0756,E-Bike,43,2025-08-04
V0757,E-Bike,54,2025-08-08
V0758,E-Bike,31,2025-09-21
V0759,E-Bike,65,2025-08-01
V0760,E-Bike,14,2025-09-18
V0761,E-Bike,27,2025-09-06
V0762,E-Bike,90,2025-08-08
V0763,E-Bike,70,2025-09-11
V0764,E-Bike,22,2025-08-02
V0765,E-Bike,72,2025-09-23
V0766,E-Bike,35,2025-08-17
V0767,E-Bike,58,2025-08-24
V0768,E-Bike,66,2025-08-26
V0769,E-Bike,62,2025-09-16
V0770,E-Bike,66,2025-09-07
V0771,E-Bike,58,2025-09-26
V0772,E-Bike,11,2025-09-17
V0773,E-Bike,88,2025-09-18
V0774,E-Bike,26,2025-09-28
V0775,E-Bike,32,2025-08-11
V0776,E-Bike,65,2025-08-11
V0777,E-Bike,79,2025-08-22
V0778,E-Bike,44,2025-08-19
V0779,E-Bike,74,2025-08-18
V0780,E-Bike,40,2025-08-10
V0781,E-Bike,97,2025-09-21
V0782,E-Bike,96,2025-09-21
V0783,E-Bike,96,2025-08-10
V0784,E-Bike,40,2025-08-24
V0785,E-Bike,92,2025-09-26
V0786,E-Bike,76,2025-08-02
V0787,E-Bike,12,2025-09-03
V0788,E-Bike,14,2025-08-12
V0789,E-Bike,89,2025-08-01
V0790,E-Bike,21,2025-08-18
V0791,E-Bike,23,2025-09-23
V0792,E-Bike,37,2025-08-11
V0793,E-Bike,66,2025-08-28
V0794,E-Bike,59,2025-08-30
V0795,E-Bike,78,2025-08-15
V0796,E-Bike,96,2025-08-10
V0797,E-Bike,95,2025-08-15
V0798,E-Bike,84,2025-08-14
V0799,E-Bike,95,2025-08-24
V0800,E-Bike,47,2025-08-06
V0801,E-Bike,22,2025-09-25
V0802,E-Bike,94,2025-09-16
V0803,E-Bike,60,2025-09-24
V0804,E-Bike,48,2025-09-04
V0805,E-Bike,29,2025-09-08
V0806,E-Bike,38,2025-08-20
V0807,E-Bike,95,2025-08-20
V0808,E-Bike,48,2025-09-24
V0809,E-Bike,26,2025-09-02
V0810,E-Bike,52,2025-09-24
V0811,E-Bike,15,2025-08-30
V0812,E-Bike,15,2025-09-20
V0813,E-Bike,93,2025-09-08
V0814,E-Bike,25,2025-08-28
V0815,E-Bike,78,2025-08-09
V0816,E-Bike,33,2025-08-17
V0817,E-Bike,78,2025-08-21
V0818,E-Bike,42,2025-09-11
V0819,E-Bike,71,2025-08-09
V0820,E-Bike,49,2025-09-21
V0821,E-Bike,30,2025-09-08
V0822,E-Bike,65,2025-09-15
V0823,E-Bike,26,2025-09-06
V0824,E-Bike,90,2025-08-20
V0825,E-Bike,65,2025-08-14
V0826,E-Bike,11,2025-08-03
V0827,E-Bike,52,2025-09-09
V0828,E-Bike,37,2025-08-29
V0829,E-Bike,90,2025-08-11
V0830,E-Bike,36,2025-09-08
V0831,E-Bike,92,2025-09-18
V0832,E-Bike,91,2025-08-30
V0833,E-Bike,96,2025-09-13
V0834,E-Bike,85,2025-08-03
V0835,E-Bike,12,2025-09-20
V0836,E-Bike,93,2025-08-05
V0837,E-Bike,71,2025-09-12
V0838,E-Bike,48,2025-08-09
V0839,E-Bike,13,2025-08-13
V0840,E-Bike,75,2025-09-18
V0841,E-Bike,33,2025-08-23
V0842,E-Bike,44,2025-08-30
V0843,E-Bike,49,2025-08-17
V0844,E-Bike,31,2025-08-22
V0845,E-Bike,47,2025-09-15
V0846,E-Bike,82,2025-08-22
V0847,E-Bike,85,2025-09-09
V0848,E-Bike,74,2025-09-29
V0849,E-Bike,67,2025-08-31
V0850,E-Bike,21,2025-09-14
V0851,E-Bike,23,2025-09-10
V0852,E-Bike,42,2025-09-24
V0853,E-Bike,94,2025-08-05
V0854,E-Bike,84,2025-09-22
V0855,E-Bike,95,2025-09-25
V0856,E-Bike,88,2025-08-04
V0857,E-Bike,28,2025-08-13
V0858,E-Bike,27,2025-08-01
V0859,E-Bike,57,2025-09-25
V0860,E-Bike,17,2025-09-04
V0861,E-Bike,87,2025-08-10
V0862,E-Bike,39,2025-08-08
V0863,E-Bike,65,2025-09-29
V0864,E-Bike,96,2025-08-18
V0865,E-Bike,32,2025-08-03
V0866,E-Bike,82,2025-08-11
V0867,E-Bike,58,2025-09-16
V0868,E-Bike,40,2025-08-25
V0869,E-Bike,42,2025-09-15
V0870,E-Bike,72,2025-09-05
V0871,E-Bike,16,2025-09-07
V0872,E-Bike,86,2025-09-11
V0873,E-Bike,37,2025-09-07
V0874,E-Bike,89,2025-08-21
V0875,E-Bike,69,2025-09-29
V0876,E-Bike,24,2025-08-25
V0877,E-Bike,97,2025-08-18
V0878,E-Bike,22,2025-08-31
V0879,E-Bike,41,2025-08-18
V0880,E-Bike,67,2025-09-05
V0881,E-Bike,39,2025-09-15
V0882,E-Bike,11,2025-09-28
V0883,E-Bike,80,2025-08-18
V0884,E-Bike,89,2025-08-07
V0885,E-Bike,72,2025-08-05
V0886,E-Bike,19,2025-08-06
V0887,E-Bike,65,2025-09-19
V0888,E-Bike,61,2025-09-21
V0889,E-Bike,45,2025-09-19
V0890,E-Bike,78,2025-09-28
V0891,E-Bike,30,2025-08-09
V0892,E-Bike,18,2025-09-15
V0893,E-Bike,71,2025-08-03
V0894,E-Bike,61,2025-09-15
V0895,E-Bike,55,2025-08-14
V0896,E-Bike,32,2025-08-27
V0897,E-Bike,69,2025-09-23
V0898,E-Bike,56,2025-09-01
V0899,E-Bike,23,2025-08-29
V0900,E-Bike,73,2025-09-08
V0901,E-Bike,48,2025-08-25
V0902,E-Bike,12,2025-09-10
V0903,E-Bike,72,2025-09-25
V0904,E-Bike,52,2025-09-19
V0905,E-Bike,13,2025-09-11
V0906,E-Bike,45,2025-09-27
V0907,E-Bike,23,2025-09-07
V0908,E-Bike,93,2025-08-14
V0909,E-Bike,32,2025-09-05
V0910,E-Bike,41,2025-08-08
V0911,E-Bike,27,2025-09-15
V0912,E-Bike,28,2025-08-28
V0913,E-Bike,10,2025-08-05
V0914,E-Bike,23,2025-08-11
V0915,E-Bike,54,2025-08-27
V0916,E-Bike,16,2025-08-04
V0917,E-Bike,21,2025-09-22
V0918,E-Bike,94,2025-09-24
V0919,E-Bike,10,2025-09-15
V0920,E-Bike,69,2025-09-15
V0921,E-Bike,56,2025-08-31
V0922,E-Bike,81,2025-09-02
V0923,E-Bike,77,2025-08-12
V0924,E-Bike,97,2025-08-28
V0925,E-Bike,50,2025-08-23
V0926,E-Bike,57,2025-08-10
V0927,E-Bike,36,2025-08-10
V0928,E-Bike,67,2025-08-27
V0929,E-Bike,76,2025-08-20
V0930,E-Bike,90,2025-08-21
V0931,E-Bike,74,2025-08-21
V0932,E-Bike,96,2025-08-01
V0933,E-Bike,66,2025-09-27
V0934,E-Bike,77,2025-08-07
V0935,E-Bike,80,2025-09-14
V0936,E-Bike,37,2025-08-18
V0937,E-Bike,100,2025-08-26
V0938,E-Bike,28,2025-08-14
V0939,E-Bike,88,2025-09-03
V0940,E-Bike,43,2025-08-21
V0941,E-Bike,32,2025-08-14
V0942,E-Bike,81,2025-08-22
V0943,E-Bike,35,2025-08-16
V0944,E-Bike,77,2025-08-14
V0945,E-Bike,67,2025-08-18
V0946,E-Bike,60,2025-08-16
V0947,E-Bike,50,2025-09-21
V0948,E-Bike,85,2025-08-08
V0949,E-Bike,67,2025-08-25
V0950,E-Bike,76,2025-08-29
V0951,E-Bike,28,2025-08-10
V0952,E-Bike,15,2025-09-17
V0953,E-Bike,63,2025-09-26
V0954,E-Bike,44,2025-08-05
V0955,E-Bike,29,2025-09-27
V0956,E-Bike,27,2025-09-23
V0957,E-Bike,11,2025-08-03
V0958,E-Bike,22,2025-08-29
V0959,E-Bike,82,2025-09-23
V0960,E-Bike,37,2025-08-05
V0961,E-Bike,52,2025-08-09
V0962,E-Bike,66,2025-09-20
V0963,E-Bike,47,2025-08-17
V0964,E-Bike,92,2025-08-03
V0965,E-Bike,21,2025-09-11
V0966,E-Bike,43,2025-09-16
V0967,E-Bike,87,2025-09-09
V0968,E-Bike,79,2025-09-20
V0969,E-Bike,15,2025-09-09
V0970,E-Bike,34,2025-09-04
V0971,E-Bike,11,2025-08-10
V0972,E-Bike,61,2025-08-19
V0973,E-Bike,92,2025-09-23
V0974,E-Bike,55,2025-09-06
V0975,E-Bike,52,2025-08-06
V0976,E-Bike,73,2025-09-13
V0977,E-Bike,14,2025-08-04
V0978,E-Bike,58,2025-09-06
V0979,E-Bike,96,2025-08-29
V0980,E-Bike,93,2025-09-13
V0981,E-Bike,49,2025-09-10
V0982,E-Bike,67,2025-08-30
V0983,E-Bike,81,2025-08-20
V0984,E-Bike,98,2025-08-11
V0985,E-Bike,45,2025-08-23
V0986,E-Bike,28,2025-08-22
V0987,E-Bike,87,2025-08-13
V0988,E-Bike,97,2025-08-13
V0989,E-Bike,52,2025-09-19
V0990,E-Bike,92,2025-09-23
V0991,E-Bike,48,2025-08-12
V0992,E-Bike,81,2025-09-16
V0993,E-Bike,57,2025-09-12
V0994,E-Bike,15,2025-08-11
V0995,E-Bike,18,2025-09-11
V0996,E-Bike,11,2025-08-18
V0997,E-Bike,66,2025-08-06
V0998,E-Bike,82,2025-09-01
V0999,E-Bike,24,2025-09-05
V1000,E-Bike,84,2025-08-24
V1001,E-Bike,18,2025-09-30
V1002,E-Bike,55,2025-08-10
V1003,E-Bike,58,2025-08-01
V1004,E-Bike,97,2025-09-20
V1005,E-Bike,88,2025-09-27
V1006,E-Bike,86,2025-08-12
V1007,E-Bike,16,2025-09-10
V1008,E-Bike,52,2025-09-04
V1009,E-Bike,52,2025-08-06
V1010,E-Bike,31,2025-09-06
V1011,E-Bike,41,2025-08-07
V1012,E-Bike,40,2025-08-28
V1013,E-Bike,42,2025-09-20
V1014,E-Bike,67,2025-09-18
V1015,E-Bike,32,2025-09-08
V1016,E-Bike,37,2025-08-01
V1017,E-Bike,55,2025-09-19
V1018,E-Bike,14,2025-08-15
V1019,E-Bike,67,2025-09-05
V1020,E-Bike,86,2025-08-24
V1021,E-Bike,29,2025-09-04
V1022,E-Bike,30,2025-09-19
V1023,E-Bike,10,2025-08-01
V1024,E-Bike,22,2025-08-13
V1025,E-Bike,92,2025-08-24
V1026,E-Bike,61,2025-08-04
V1027,E-Bike,21,2025-09-15
V1028,E-Bike,82,2025-09-09
V1029,E-Bike,69,2025-08-06
V1030,E-Bike,36,2025-09-09
V1031,E-Bike,37,2025-09-23
V1032,E-Bike,85,2025-08-21
V1033,E-Bike,61,2025-09-02
V1034,E-Bike,78,2025-08-28
V1035,E-Bike,68,2025-09-16
V1036,E-Bike,40,2025-08-20
V1037,E-Bike,78,2025-09-04
V1038,E-Bike,96,2025-08-06
V1039,E-Bike,89,2025-09-05
V1040,E-Bike,76,2025-08-01
V1041,E-Bike,27,2025-08-28
V1042,E-Bike,75,2025-08-31
V1043,E-Bike,32,2025-08-30
V1044,E-Bike,37,2025-09-30
V1045,E-Bike,95,2025-08-15
V1046,E-Bike,13,2025-08-29
V1047,E-Bike,61,2025-09-27
V1048,E-Bike,48,2025-08-12
V1049,E-Bike,95,2025-09-06
V1050,E-Bike,78,2025-09-24
V1051,E-Bike,44,2025-09-02
V1052,E-Bike,51,2025-08-13
V1053,E-Bike,25,2025-08-17
V1054,E-Bike,78,2025-08-25
V1055,E-Bike,95,2025-08-26
V1056,E-Bike,31,2025-08-15
V1057,E-Bike,43,2025-09-30
V1058,E-Bike,53,2025-08-20
V1059,E-Bike,36,2025-08-22
V1060,E-Bike,76,2025-09-24
V1061,E-Bike,22,2025-09-10
V1062,E-Bike,81,2025-09-22
V1063,E-Bike,38,2025-08-01
V1064,E-Bike,77,2025-08-14
V1065,E-Bike,12,2025-09-26
V1066,E-Bike,19,2025-09-16
V1067,E-Bike,79,2025-08-26
V1068,E-Bike,89,2025-09-08
V1069,E-Bike,10,2025-08-25
V1070,E-Bike,94,2025-08-20
V1071,E-Bike,39,2025-09-12
V1072,E-Bike,50,2025-09-06
V1073,E-Bike,27,2025-09-28
V1074,E-Bike,18,2025-08-31
V1075,E-Bike,45,2025-08-04
V1076,E-Bike,72,2025-09-12
V1077,E-Bike,36,2025-08-09
V1078,E-Bike,31,2025-09-28
V1079,E-Bike,95,2025-09-11
V1080,E-Bike,26,2025-09-12
V1081,E-Bike,65,2025-08-25
V1082,E-Bike,88,2025-08-15
V1083,E-Bike,42,2025-09-01
V1084,E-Bike,47,2025-09-14
V1085,E-Bike,97,2025-09-04
V1086,E-Bike,99,2025-09-18
V1087,E-Bike,51,2025-08-03
V1088,E-Bike,31,2025-09-12
V1089,E-Bike,67,2025-09-20
V1090,E-Bike,33,2025-09-01
V1091,E-Bike,25,2025-08-16
V1092,E-Bike,72,2025-09-20
V1093,E-Bike,85,2025-08-08
V1094,E-Bike,93,2025-09-18
V1095,E-Bike,42,2025-09-12
V1096,E-Bike,99,2025-09-14
V1097,E-Bike,70,2025-08-03
V1098,E-Bike,26,2025-09-21
V1099,E-Bike,77,2025-08-27
V1100,E-Bike,34,2025-08-27
V1101,E-Bike,20,2025-09-13
V1102,E-Bike,100,2025-08-11
V1103,E-Bike,85,2025-08-28
V1104,E-Bike,90,2025-09-05
V1105,E-Bike,24,2025-08-08
V1106,E-Bike,18,2025-09-28
V1107,E-Bike,71,2025-08-17
V1108,E-Bike,20,2025-09-28
V1109,E-Bike,36,2025-08-06
V1110,E-Bike,57,2025-09-12
V1111,E-Bike,19,2025-09-13
V1112,E-Bike,47,2025-08-09
V1113,E-Bike,54,2025-08-06
V1114,E-Bike,98,2025-08-12
V1115,E-Bike,97,2025-09-19
V1116,E-Bike,85,2025-08-31
V1117,E-Bike,75,2025-08-09
V1118,E-Bike,24,2025-08-18
V1119,E-Bike,39,2025-09-15
V1120,E-Bike,33,2025-08-14
V1121,E-Bike,51,2025-09-18
V1122,E-Bike,41,2025-08-04
V1123,E-Bike,22,2025-08-15
V1124,E-Bike,83,2025-09-20
V1125,E-Bike,86,2025-09-09
V1126,E-Bike,81,2025-08-21
V1127,E-Bike,85,2025-08-27
V1128,E-Bike,64,2025-08-13
V1129,E-Bike,79,2025-08-07
V1130,E-Bike,84,2025-09-01
V1131,E-Bike,70,2025-08-18
V1132,E-Bike,92,2025-08-06
V1133,E-Bike,39,2025-08-05
V1134,E-Bike,19,2025-08-23
V1135,E-Bike,86,2025-08-20
V1136,E-Bike,87,2025-09-11
V1137,E-Bike,72,2025-08-20
V1138,E-Bike,64,2025-09-14
V1139,E-Bike,83,2025-09-05
V1140,E-Bike,48,2025-08-25
V1141,E-Bike,23,2025-08-18
V1142,E-Bike,34,2025-09-04
V1143,E-Bike,31,2025-08-28
V1144,E-Bike,58,2025-09-14
V1145,E-Bike,38,2025-09-29
V1146,E-Bike,68,2025-08-22
V1147,E-Bike,15,2025-08-28
V1148,E-Bike,22,2025-09-27
V1149,E-Bike,40,2025-08-07
V1150,E-Bike,100,2025-09-20
V1151,E-Bike,49,2025-09-13
V1152,E-Bike,73,2025-09-12
V1153,E-Bike,30,2025-09-26
V1154,E-Bike,69,2025-08-15
V1155,E-Bike,66,2025-08-25
V1156,E-Bike,39,2025-09-22
V1157,E-Bike,41,2025-08-17
V1158,E-Bike,12,2025-09-13
V1159,E-Bike,86,2025-08-21
V1160,E-Bike,84,2025-09-15
V1161,E-Bike,88,2025-08-09
V1162,E-Bike,82,2025-08-18
V1163,E-Bike,19,2025-08-21
V1164,E-Bike,21,2025-09-22
V1165,E-Bike,69,2025-09-25
V1166,E-Bike,53,2025-08-10
V1167,E-Bike,56,2025-08-23
V1168,E-Bike,11,2025-09-08
V1169,E-Bike,13,2025-09-12
V1170,E-Bike,16,2025-08-12
V1171,E-Bike,18,2025-09-10
V1172,E-Bike,36,2025-09-01
V1173,E-Bike,41,2025-09-28
V1174,E-Bike,27,2025-08-11
V1175,E-Bike,30,2025-08-11
V1176,E-Bike,10,2025-08-16
V1177,E-Bike,62,2025-09-07
V1178,E-Bike,48,2025-09-18
V1179,E-Bike,96,2025-09-27
V1180,E-Bike,24,2025-09-19
V1181,E-Bike,63,2025-08-27
V1182,E-Bike,90,2025-08-19
V1183,E-Bike,29,2025-09-17
V1184,E-Bike,57,2025-09-09
V1185,E-Bike,11,2025-08-19
V1186,E-Bike,95,2025-08-16
V1187,E-Bike,86,2025-08-24
V1188,E-Bike,30,2025-09-25
V1189,E-Bike,15,2025-08-16
V1190,E-Bike,51,2025-08-27
V1191,E-Bike,47,2025-08-13
V1192,E-Bike,65,2025-08-07
V1193,E-Bike,61,2025-08-04
V1194,E-Bike,34,2025-08-21
V1195,E-Bike,37,2025-09-14
V1196,E-Bike,25,2025-08-19
V1197,E-Bike,61,2025-09-09
V1198,E-Bike,42,2025-08-24
V1199,E-Bike,65,2025-09-01
V1200,E-Bike,22,2025-09-04
V1201,E-Bike,16,2025-09-10
V1202,E-Bike,71,2025-09-29
V1203,E-Bike,46,2025-09-14
V1204,E-Bike,87,2025-09-14
V1205,E-Bike,20,2025-09-30
V1206,E-Bike,16,2025-09-15
V1207,E-Bike,95,2025-09-14
V1208,E-Bike,77,2025-09-11
V1209,E-Bike,87,2025-09-04
V1210,E-Bike,80,2025-09-23
V1211,E-Bike,46,2025-09-17
V1212,E-Bike,72,2025-08-06
V1213,E-Bike,87,2025-09-03
V1214,E-Bike,89,2025-08-04
V1215,E-Bike,42,2025-09-24
V1216,E-Bike,92,2025-09-22
V1217,E-Bike,12,2025-09-16
V1218,E-Bike,62,2025-09-05
V1219,E-Bike,42,2025-09-05
V1220,E-Bike,99,2025-09-08
V1221,E-Bike,92,2025-08-01
V1222,E-Bike,42,2025-08-09
V1223,E-Bike,34,2025-09-07
V1224,E-Bike,94,2025-08-11
V1225,E-Bike,71,2025-08-02
V1226,E-Bike,82,2025-08-24
V1227,E-Bike,80,2025-09-08
V1228,E-Bike,88,2025-09-22
V1229,E-Bike,17,2025-09-06
V1230,E-Bike,47,2025-09-20
V1231,E-Bike,47,2025-09-06
V1232,E-Bike,59,2025-09-21
V1233,E-Bike,99,2025-09-28
V1234,E-Bike,32,2025-09-13
V1235,E-Bike,55,2025-08-06
V1236,E-Bike,78,2025-08-25
V1237,E-Bike,14,2025-08-23
V1238,E-Bike,84,2025-09-12
V1239,E-Bike,88,2025-08-04
V1240,E-Bike,46,2025-09-16
V1241,E-Bike,33,2025-08-04
V1242,E-Bike,33,2025-08-18
V1243,E-Bike,100,2025-09-05
V1244,E-Bike,28,2025-09-30
V1245,E-Bike,63,2025-09-01
V1246,E-Bike,13,2025-09-20
V1247,E-Bike,31,2025-08-06
V1248,E-Bike,81,2025-08-25
V1249,E-Bike,70,2025-08-17
V1250,E-Bike,100,2025-08-15
V1251,E-Bike,38,2025-09-02
V1252,E-Bike,90,2025-09-21
V1253,E-Bike,28,2025-08-25
V1254,E-Bike,28,2025-09-29
V1255,E-Bike,58,2025-08-11
V1256,E-Bike,47,2025-08-10
V1257,E-Bike,50,2025-08-18
V1258,E-Bike,35,2025-08-24
V1259,E-Bike,54,2025-09-04
V1260,E-Bike,36,2025-09-17
V1261,E-Bike,90,2025-08-26
V1262,E-Bike,90,2025-09-23
V1263,E-Bike,40,2025-09-04
V1264,E-Bike,86,2025-09-30
V1265,E-Bike,18,2025-09-08
V1266,E-Bike,90,2025-09-20
V1267,E-Bike,65,2025-09-09
V1268,E-Bike,51,2025-09-17
V1269,E-Bike,75,2025-08-18
V1270,E-Bike,70,2025-09-07
V1271,E-Bike,90,2025-09-10
V1272,E-Bike,90,2025-09-22
V1273,E-Bike,18,2025-09-23
V1274,E-Bike,52,2025-09-16
V1275,E-Bike,32,2025-08-02
V1276,E-Bike,58,2025-09-25
V1277,E-Bike,37,2025-09-02
V1278,E-Bike,26,2025-09-21
V1279,E-Bike,60,2025-08-16
V1280,E-Bike,34,2025-09-06
V1281,E-Bike,68,2025-08-03
V1282,E-Bike,69,2025-08-19
V1283,E-Bike,33,2025-08-21
V1284,E-Bike,18,2025-08-15
V1285,E-Bike,71,2025-09-24
V1286,E-Bike,62,2025-09-26
V1287,E-Bike,92,2025-08-08
V1288,E-Bike,16,2025-09-12
V1289,E-Bike,30,2025-09-10
V1290,E-Bike,49,2025-09-07
V1291,E-Bike,37,2025-09-30
V1292,E-Bike,54,2025-08-19
V1293,E-Bike,73,2025-09-03
V1294,E-Bike,43,2025-09-29
V1295,E-Bike,33,2025-09-07
V1296,E-Bike,14,2025-09-01
V1297,E-Bike,77,2025-09-06
V1298,E-Bike,27,2025-08-23
V1299,E-Bike,72,2025-08-25
V1300,E-Bike,27,2025-09-23
V1301,E-Bike,98,2025-08-12
V1302,E-Bike,25,2025-08-26
V1303,E-Bike,48,2025-09-22
V1304,E-Bike,11,2025-09-22
V1305,E-Bike,80,2025-08-28
V1306,E-Bike,84,2025-08-07
V1307,E-Bike,78,2025-09-20
V1308,E-Bike,53,2025-08-07
V1309,E-Bike,81,2025-09-15
V1310,E-Bike,63,2025-09-23
V1311,E-Bike,25,2025-08-06
V1312,E-Bike,27,2025-08-29
V1313,E-Bike,73,2025-09-14
V1314,E-Bike,36,2025-09-07
V1315,E-Bike,100,2025-09-22
V1316,E-Bike,54,2025-09-01
V1317,E-Bike,40,2025-08-20
V1318,E-Bike,21,2025-09-13
V1319,E-Bike,15,2025-08-19
V1320,E-Bike,43,2025-08-13
V1321,E-Bike,95,2025-08-02
V1322,E-Bike,53,2025-08-09
V1323,E-Bike,82,2025-08-09
V1324,E-Bike,89,2025-08-09
V1325,E-Bike,12,2025-08-27
V1326,E-Bike,82,2025-09-22
V1327,E-Bike,47,2025-09-05
V1328,E-Bike,81,2025-09-07
V1329,E-Bike,57,2025-08-11
V1330,E-Bike,28,2025-08-17
V1331,E-Bike,15,2025-08-18
V1332,E-Bike,89,2025-09-07
V1333,E-Bike,26,2025-08-08
V1334,E-Bike,28,2025-09-18
V1335,E-Bike,58,2025-09-05
V1336,E-Bike,42,2025-08-17
V1337,E-Bike,58,2025-09-13
V1338,E-Bike,69,2025-08-19
V1339,E-Bike,57,2025-08-29
V1340,E-Bike,69,2025-09-12
V1341,E-Bike,39,2025-08-07
V1342,E-Bike,13,2025-08-05
V1343,E-Bike,39,2025-09-29
V1344,E-Bike,90,2025-09-13
V1345,E-Bike,19,2025-09-30
V1346,E-Bike,45,2025-09-24
V1347,E-Bike,87,2025-09-21
V1348,E-Bike,34,2025-09-12
V1349,E-Bike,32,2025-09-27
V1350,E-Bike,90,2025-09-07
V1351,E-Bike,96,2025-09-24
V1352,E-Bike,64,2025-09-24
V1353,E-Bike,44,2025-09-30
V1354,E-Bike,64,2025-08-27
V1355,E-Bike,28,2025-09-27
V1356,E-Bike,93,2025-08-17
V1357,E-Bike,36,2025-08-01
V1358,E-Bike,89,2025-08-29
V1359,E-Bike,28,2025-08-31
V1360,E-Bike,93,2025-09-05
V1361,E-Bike,58,2025-08-01
V1362,E-Bike,54,2025-08-15
V1363,E-Bike,92,2025-08-24
V1364,E-Bike,67,2025-09-03
V1365,E-Bike,85,2025-08-21
V1366,E-Bike,57,2025-08-26
V1367,E-Bike,86,2025-08-12
V1368,E-Bike,52,2025-08-12
V1369,E-Bike,46,2025-09-03
V1370,E-Bike,100,2025-08-28
V1371,E-Bike,28,2025-09-30
V1372,E-Bike,67,2025-09-23
V1373,E-Bike,74,2025-09-28
V1374,E-Bike,17,2025-08-23
V1375,E-Bike,83,2025-09-20
V1376,E-Bike,19,2025-08-20
V1377,E-Bike,71,2025-09-23
V1378,E-Bike,99,2025-08-19
V1379,E-Bike,63,2025-09-05
V1380,E-Bike,30,2025-08-22
V1381,E-Bike,32,2025-08-11
V1382,E-Bike,68,2025-09-11
V1383,E-Bike,29,2025-08-11
V1384,E-Bike,79,2025-08-22
V1385,E-Bike,99,2025-09-01
V1386,E-Bike,81,2025-09-11
V1387,E-Bike,64,2025-08-01
V1388,E-Bike,69,2025-09-09
V1389,E-Bike,83,2025-09-21
V1390,E-Bike,21,2025-08-10
V1391,E-Bike,77,2025-09-04
V1392,E-Bike,41,2025-09-12
V1393,E-Bike,41,2025-08-17
V1394,E-Bike,71,2025-08-13
V1395,E-Bike,79,2025-08-20
V1396,E-Bike,38,2025-09-19
V1397,E-Bike,62,2025-08-16
V1398,E-Bike,14,2025-08-17
V1399,E-Bike,13,2025-08-03
V1400,E-Bike,92,2025-08-30
V1401,E-Bike,32,2025-08-28
V1402,E-Bike,86,2025-08-02
V1403,E-Bike,78,2025-08-19
V1404,E-Bike,28,2025-09-08
V1405,E-Bike,42,2025-08-04
V1406,E-Bike,24,2025-08-10
V1407,E-Bike,77,2025-08-29
V1408,E-Bike,51,2025-09-23
V1409,E-Bike,59,2025-08-31
V1410,E-Bike,77,2025-09-16
V1411,E-Bike,57,2025-09-02
V1412,E-Bike,70,2025-08-16
V1413,E-Bike,21,2025-09-18
V1414,E-Bike,87,2025-09-21
V1415,E-Bike,94,2025-08-03
V1416,E-Bike,96,2025-08-03
V1417,E-Bike,89,2025-08-26
V1418,E-Bike,11,2025-09-13
V1419,E-Bike,27,2025-09-13
V1420,E-Bike,54,2025-09-06
V1421,E-Bike,56,2025-08-29
V1422,E-Bike,98,2025-08-28
V1423,E-Bike,32,2025-08-24
V1424,E-Bike,88,2025-09-25
V1425,E-Bike,20,2025-09-06
V1426,E-Bike,65,2025-09-18
V1427,E-Bike,23,2025-08-09
V1428,E-Bike,65,2025-09-21
V1429,E-Bike,59,2025-09-30
V1430,E-Bike,53,2025-08-29
V1431,E-Bike,81,2025-08-19
V1432,E-Bike,11,2025-09-29
V1433,E-Bike,86,2025-09-16
V1434,E-Bike,10,2025-08-16
V1435,E-Bike,77,2025-09-21
V1436,E-Bike,28,2025-08-09
V1437,E-Bike,33,2025-09-13
V1438,E-Bike,41,2025-09-17
V1439,E-Bike,41,2025-09-04
V1440,E-Bike,86,2025-08-12
V1441,E-Bike,58,2025-09-08
V1442,E-Bike,14,2025-09-04
V1443,E-Bike,100,2025-09-04
V1444,E-Bike,73,2025-09-07
V1445,E-Bike,57,2025-09-02
V1446,E-Bike,88,2025-08-07
V1447,E-Bike,90,2025-08-02
V1448,E-Bike,73,2025-09-29
V1449,E-Bike,75,2025-09-27
V1450,E-Bike,100,2025-08-22
V1451,E-Bike,32,2025-08-28
V1452,E-Bike,41,2025-09-21
V1453,E-Bike,97,2025-08-14
V1454,E-Bike,98,2025-09-09
V1455,E-Bike,54,2025-09-27
V1456,E-Bike,97,2025-09-08
V1457,E-Bike,58,2025-09-12
V1458,E-Bike,88,2025-09-01
V1459,E-Bike,39,2025-09-15
V1460,E-Bike,76,2025-09-30
V1461,E-Bike,80,2025-08-15
V1462,E-Bike,34,2025-09-23
V1463,E-Bike,27,2025-08-14
V1464,E-Bike,68,2025-09-22
V1465,E-Bike,41,2025-08-17
V1466,E-Bike,20,2025-09-12
V1467,E-Bike,90,2025-08-08
V1468,E-Bike,70,2025-08-13
V1469,E-Bike,32,2025-08-23
V1470,E-Bike,59,2025-08-30
V1471,E-Bike,40,2025-08-31
V1472,E-Bike,31,2025-08-01
V1473,E-Bike,76,2025-08-22
V1474,E-Bike,34,2025-08-02
V1475,E-Bike,66,2025-09-02
V1476,E-Bike,68,2025-09-25
V1477,E-Bike,61,2025-09-03
V1478,E-Bike,78,2025-09-23
V1479,E-Bike,90,2025-09-11
V1480,E-Bike,58,2025-09-22
V1481,E-Bike,73,2025-09-19
V1482,E-Bike,50,2025-09-14
V1483,E-Bike,21,2025-09-21
V1484,E-Bike,14,2025-09-20
V1485,E-Bike,47,2025-08-04
V1486,E-Bike,41,2025-08-12
V1487,E-Bike,36,2025-08-17
V1488,E-Bike,46,2025-09-02
V1489,E-Bike,58,2025-09-26
V1490,E-Bike,55,2025-09-16
V1491,E-Bike,13,2025-08-11
V1492,E-Bike,61,2025-09-13
V1493,E-Bike,50,2025-08-05
V1494,E-Bike,53,2025-09-01
V1495,E-Bike,15,2025-09-24
V1496,E-Bike,86,2025-09-28
V1497,E-Bike,36,2025-08-29
V1498,E-Bike,68,2025-08-03
V1499,E-Bike,29,2025-09-07
V1500,E-Bike,27,2025-08-27
V1501,E-Bike,77,2025-08-13
V1502,E-Bike,25,2025-09-30
V1503,E-Bike,10,2025-08-28
V1504,E-Bike,94,2025-08-15
V1505,E-Bike,51,2025-09-11
V1506,E-Bike,37,2025-08-26
V1507,E-Bike,11,2025-08-31
V1508,E-Bike,43,2025-08-04
V1509,E-Bike,33,2025-09-01
V1510,E-Bike,60,2025-08-23
V1511,E-Bike,75,2025-08-19
V1512,E-Bike,23,2025-08-04
V1513,E-Bike,59,2025-09-02
V1514,E-Bike,22,2025-08-25
V1515,E-Bike,26,2025-08-06
V1516,E-Bike,93,2025-08-24
V1517,E-Bike,63,2025-08-13
V1518,E-Bike,74,2025-08-24
V1519,E-Bike,11,2025-08-28
V1520,E-Bike,85,2025-09-29
V1521,E-Bike,54,2025-08-21
V1522,E-Bike,39,2025-08-19
V1523,E-Bike,22,2025-08-04
V1524,E-Bike,19,2025-08-31
V1525,E-Bike,28,2025-08-05
V1526,E-Bike,15,2025-08-24
V1527,E-Bike,23,2025-08-24
V1528,E-Bike,22,2025-08-11
V1529,E-Bike,30,2025-08-12
V1530,E-Bike,88,2025-09-07
V1531,E-Bike,38,2025-08-26
V1532,E-Bike,66,2025-08-31
V1533,E-Bike,97,2025-08-19
V1534,E-Bike,46,2025-08-18
V1535,E-Bike,50,2025-08-18
V1536,E-Bike,21,2025-09-14
V1537,E-Bike,68,2025-08-21
V1538,E-Bike,74,2025-08-16
V1539,E-Bike,82,2025-08-23
V1540,E-Bike,80,2025-08-11
V1541,E-Bike,34,2025-09-17
V1542,E-Bike,68,2025-08-05
V1543,E-Bike,65,2025-09-08
V1544,E-Bike,38,2025-09-11
V1545,E-Bike,70,2025-08-14
V1546,E-Bike,52,2025-08-27
V1547,E-Bike,41,2025-08-11
V1548,E-Bike,34,2025-09-08
V1549,E-Bike,33,2025-09-03
V1550,E-Bike,30,2025-09-20
V1551,E-Bike,48,2025-08-08
V1552,E-Bike,14,2025-09-30
V1553,E-Bike,35,2025-08-14
V1554,E-Bike,26,2025-09-07
V1555,E-Bike,45,2025-08-26
V1556,E-Bike,81,2025-08-23
V1557,E-Bike,26,2025-09-11
V1558,E-Bike,73,2025-08-23
V1559,E-Bike,76,2025-08-12
V1560,E-Bike,24,2025-09-14
V1561,E-Bike,80,2025-08-27
V1562,E-Bike,17,2025-08-07
V1563,E-Bike,12,2025-09-27
V1564,E-Bike,98,2025-08-12
V1565,E-Bike,99,2025-08-25
V1566,E-Bike,47,2025-09-10
V1567,E-Bike,44,2025-08-24
V1568,E-Bike,62,2025-09-11
V1569,E-Bike,44,2025-08-19
V1570,E-Bike,88,2025-08-09
V1571,E-Bike,62,2025-09-25
V1572,E-Bike,69,2025-08-03
V1573,E-Bike,21,2025-08-09
V1574,E-Bike,93,2025-08-14
V1575,E-Bike,11,2025-08-28
V1576,E-Bike,19,2025-09-13
V1577,E-Bike,72,2025-08-01
V1578,E-Bike,21,2025-08-27
V1579,E-Bike,36,2025-09-24
V1580,E-Bike,32,2025-08-06
V1581,E-Bike,83,2025-08-05
V1582,E-Bike,65,2025-09-30
V1583,E-Bike,57,2025-09-03
V1584,E-Bike,45,2025-09-13
V1585,E-Bike,94,2025-09-10
V1586,E-Bike,78,2025-09-13
V1587,E-Bike,18,2025-08-31
V1588,E-Bike,29,2025-09-22
V1589,E-Bike,77,2025-09-18
V1590,E-Bike,96,2025-08-11
V1591,E-Bike,46,2025-09-02
V1592,E-Bike,12,2025-09-26
V1593,E-Bike,80,2025-08-07
V1594,E-Bike,82,2025-08-30
V1595,E-Bike,91,2025-08-05
V1596,E-Bike,62,2025-08-29
V1597,E-Bike,25,2025-08-19
V1598,E-Bike,87,2025-08-16
V1599,E-Bike,67,2025-08-01
V1600,E-Bike,33,2025-08-30
V1601,E-Bike,78,2025-09-14
V1602,E-Bike,25,2025-09-17
V1603,E-Bike,44,2025-09-26
V1604,E-Bike,59,2025-08-12
V1605,E-Bike,85,2025-08-16
V1606,E-Bike,68,2025-09-29
V1607,E-Bike,78,2025-09-09
V1608,E-Bike,71,2025-08-13
V1609,E-Bike,52,2025-09-29
V1610,E-Bike,11,2025-08-11
V1611,E-Bike,34,2025-09-09
V1612,E-Bike,58,2025-08-30
V1613,E-Bike,48,2025-08-29
V1614,E-Bike,55,2025-08-21
V1615,E-Bike,30,2025-08-22
V1616,E-Bike,36,2025-08-17
V1617,E-Bike,44,2025-08-18
V1618,E-Bike,87,2025-09-17
V1619,E-Bike,65,2025-09-14
V1620,E-Bike,98,2025-09-05
V1621,E-Bike,98,2025-08-12
V1622,E-Bike,36,2025-09-22
V1623,E-Bike,16,2025-09-01
V1624,E-Bike,25,2025-08-12
V1625,E-Bike,66,2025-08-26
V1626,E-Bike,68,2025-08-06
V1627,E-Bike,25,2025-09-03
V1628,E-Bike,16,2025-08-17
V1629,E-Bike,40,2025-08-07
V1630,E-Bike,97,2025-08-25
V1631,E-Bike,75,2025-09-22
V1632,E-Bike,19,2025-08-06
V1633,E-Bike,49,2025-09-13
V1634,E-Bike,74,2025-09-09
V1635,E-Bike,54,2025-08-25
V1636,E-Bike,63,2025-08-10
V1637,E-Bike,53,2025-08-12
V1638,E-Bike,38,2025-09-24
V1639,E-Bike,85,2025-08-04
V1640,E-Bike,19,2025-09-15
V1641,E-Bike,69,2025-09-23
V1642,E-Bike,87,2025-08-23
V1643,E-Bike,29,2025-08-26
V1644,E-Bike,36,2025-09-02
V1645,E-Bike,69,2025-09-13
V1646,E-Bike,98,2025-08-14
V1647,E-Bike,51,2025-09-16
V1648,E-Bike,72,2025-09-26
V1649,E-Bike,79,2025-08-29
V1650,E-Bike,66,2025-08-19
V1651,E-Bike,68,2025-08-29
V1652,E-Bike,53,2025-09-09
V1653,E-Bike,74,2025-09-28
V1654,E-Bike,33,2025-08-21
V1655,E-Bike,21,2025-09-08
V1656,E-Bike,41,2025-09-05
V1657,E-Bike,33,2025-08-19
V1658,E-Bike,58,2025-09-20
V1659,E-Bike,76,2025-08-01
V1660,E-Bike,81,2025-08-04
V1661,E-Bike,60,2025-09-15
V1662,E-Bike,32,2025-09-24
V1663,E-Bike,61,2025-08-17
V1664,E-Bike,81,2025-09-13
V1665,E-Bike,70,2025-08-11
V1666,E-Bike,52,2025-09-28
V1667,E-Bike,62,2025-09-04
V1668,E-Bike,69,2025-08-25
V1669,E-Bike,98,2025-09-24
V1670,E-Bike,38,2025-09-05
V1671,E-Bike,97,2025-09-18
V1672,E-Bike,84,2025-08-02
V1673,E-Bike,63,2025-09-19
V1674,E-Bike,99,2025-09-24
V1675,E-Bike,90,2025-09-19
V1676,E-Bike,19,2025-09-13
V1677,E-Bike,56,2025-09-26
V1678,E-Bike,17,2025-08-21
V1679,E-Bike,95,2025-08-28
V1680,E-Bike,28,2025-08-03
V1681,E-Bike,34,2025-08-15
V1682,E-Bike,77,2025-09-27
V1683,E-Bike,68,2025-09-11
V1684,E-Bike,15,2025-08-14
V1685,E-Bike,27,2025-09-23
V1686,E-Bike,27,2025-08-30
V1687,E-Bike,87,2025-08-24
V1688,E-Bike,46,2025-09-05
V1689,E-Bike,74,2025-08-10
V1690,E-Bike,84,2025-08-23
V1691,E-Bike,31,2025-08-16
V1692,E-Bike,68,2025-09-23
V1693,E-Bike,23,2025-08-06
V1694,E-Bike,47,2025-08-25
V1695,E-Bike,74,2025-09-11
V1696,E-Bike,87,2025-09-20
V1697,E-Bike,89,2025-09-04
V1698,E-Bike,64,2025-08-16
V1699,E-Bike,45,2025-08-22
V1700,E-Bike,44,2025-09-15
V1701,E-Bike,48,2025-08-21
V1702,E-Bike,62,2025-09-19
V1703,E-Bike,89,2025-08-26
V1704,E-Bike,61,2025-09-16
V1705,E-Bike,48,2025-08-26
V1706,E-Bike,26,2025-08-23
V1707,E-Bike,36,2025-09-14
V1708,E-Bike,46,2025-09-16
V1709,E-Bike,97,2025-08-13
V1710,E-Bike,83,2025-08-20
V1711,E-Bike,12,2025-08-20
V1712,E-Bike,13,2025-08-07
V1713,E-Bike,19,2025-09-06
V1714,E-Bike,45,2025-08-19
V1715,E-Bike,83,2025-09-18
V1716,E-Bike,73,2025-08-11
V1717,E-Bike,11,2025-08-13
V1718,E-Bike,99,2025-09-04
V1719,E-Bike,16,2025-09-14
V1720,E-Bike,61,2025-09-01
V1721,E-Bike,23,2025-09-14
V1722,E-Bike,71,2025-08-18
V1723,E-Bike,38,2025-09-30
V1724,E-Bike,38,2025-09-02
V1725,E-Bike,30,2025-09-09
V1726,E-Bike,77,2025-08-07
V1727,E-Bike,14,2025-08-03
V1728,E-Bike,79,2025-08-21
V1729,E-Bike,40,2025-09-01
V1730,E-Bike,53,2025-09-14
V1731,E-Bike,29,2025-08-22
V1732,E-Bike,79,2025-09-17
V1733,E-Bike,89,2025-08-09
V1734,E-Bike,83,2025-08-24
V1735,E-Bike,89,2025-08-08
V1736,E-Bike,49,2025-09-02
V1737,E-Bike,16,2025-08-14
V1738,E-Bike,37,2025-08-23
V1739,E-Bike,53,2025-09-07
V1740,E-Bike,44,2025-08-08
V1741,E-Bike,50,2025-09-09
V1742,E-Bike,83,2025-09-30
V1743,E-Bike,95,2025-08-05
V1744,E-Bike,36,2025-09-29
V1745,E-Bike,83,2025-08-09
V1746,E-Bike,43,2025-09-11
V1747,E-Bike,88,2025-09-26
V1748,E-Bike,48,2025-09-16
V1749,E-Bike,87,2025-09-23
V1750,E-Bike,89,2025-08-29
V1751,E-Bike,79,2025-09-06
V1752,E-Bike,40,2025-09-04
V1753,E-Bike,31,2025-08-24
V1754,E-Bike,14,2025-08-22
V1755,E-Bike,39,2025-09-19
V1756,E-Bike,27,2025-09-09
V1757,E-Bike,58,2025-09-21
V1758,E-Bike,40,2025-09-16
V1759,E-Bike,81,2025-08-02
V1760,E-Bike,18,2025-08-24
V1761,E-Bike,12,2025-08-31
V1762,E-Bike,44,2025-08-21
V1763,E-Bike,14,2025-09-18
V1764,E-Bike,75,2025-09-13
V1765,E-Bike,66,2025-09-16
V1766,E-Bike,56,2025-08-23
V1767,E-Bike,14,2025-08-25
V1768,E-Bike,21,2025-08-15
V1769,E-Bike,90,2025-09-29
V1770,E-Bike,72,2025-09-18
V1771,E-Bike,49,2025-09-16
V1772,E-Bike,96,2025-09-03
V1773,E-Bike,70,2025-09-02
V1774,E-Bike,87,2025-08-21
V1775,E-Bike,66,2025-08-08
V1776,E-Bike,45,2025-09-06
V1777,E-Bike,15,2025-09-03
V1778,E-Bike,45,2025-09-19
V1779,E-Bike,28,2025-09-11
V1780,E-Bike,11,2025-09-06
V1781,E-Bike,70,2025-09-22
V1782,E-Bike,63,2025-09-24
V1783,E-Bike,67,2025-08-24
V1784,E-Bike,36,2025-09-19
V1785,E-Bike,86,2025-09-18
V1786,E-Bike,77,2025-08-04
V1787,E-Bike,62,2025-09-29
V1788,E-Bike,84,2025-08-26
V1789,E-Bike,36,2025-09-03
V1790,E-Bike,58,2025-09-06
V1791,E-Bike,60,2025-09-07
V1792,E-Bike,76,2025-08-05
V1793,E-Bike,99,2025-08-26
V1794,E-Bike,34,2025-09-28
V1795,E-Bike,58,2025-09-16
V1796,E-Bike,71,2025-09-12
V1797,E-Bike,21,2025-09-26
V1798,E-Bike,38,2025-09-24
V1799,E-Bike,17,2025-09-28
V1800,E-Bike,79,2025-09-13
V1801,E-Bike,51,2025-09-27
V1802,E-Bike,41,2025-08-10
V1803,E-Bike,26,2025-09-16
V1804,E-Bike,30,2025-09-04
V1805,E-Bike,23,2025-09-23
V1806,E-Bike,83,2025-08-03
V1807,E-Bike,84,2025-09-08
V1808,E-Bike,68,2025-08-29
V1809,E-Bike,68,2025-08-05
V1810,E-Bike,68,2025-08-10
V1811,E-Bike,37,2025-09-19
V1812,E-Bike,86,2025-08-16
V1813,E-Bike,42,2025-09-17
V1814,E-Bike,96,2025-09-24
V1815,E-Bike,18,2025-08-17
V1816,E-Bike,19,2025-08-01
V1817,E-Bike,47,2025-08-22
V1818,E-Bike,21,2025-08-11
V1819,E-Bike,41,2025-08-15
V1820,E-Bike,46,2025-09-26
V1821,E-Bike,30,2025-08-27
V1822,E-Bike,89,2025-08-01
V1823,E-Bike,93,2025-08-21
V1824,E-Bike,66,2025-09-07
V1825,E-Bike,45,2025-09-18
V1826,E-Bike,73,2025-09-27
V1827,E-Bike,97,2025-09-18
V1828,E-Bike,85,2025-09-08
V1829,E-Bike,59,2025-08-20
V1830,E-Bike,39,2025-08-18
V1831,E-Bike,22,2025-09-29
V1832,E-Bike,48,2025-09-13
V1833,E-Bike,28,2025-08-18
V1834,E-Bike,77,2025-09-10
V1835,E-Bike,25,2025-09-19
V1836,E-Bike,29,2025-08-12
V1837,E-Bike,24,2025-09-17
V1838,E-Bike,70,2025-08-08
V1839,E-Bike,60,2025-09-23
V1840,E-Bike,59,2025-09-12
V1841,E-Bike,36,2025-09-19
V1842,E-Bike,44,2025-09-08
V1843,E-Bike,93,2025-09-28
V1844,E-Bike,89,2025-08-19
V1845,E-Bike,60,2025-09-16
V1846,E-Bike,52,2025-08-10
V1847,E-Bike,10,2025-08-06
V1848,E-Bike,16,2025-09-20
V1849,E-Bike,21,2025-08-24
V1850,E-Bike,38,2025-09-29
V1851,Shuttle Bus,54,2025-09-29
V1852,Shuttle Bus,66,2025-08-17
V1853,Shuttle Bus,76,2025-09-10
V1854,Shuttle Bus,33,2025-09-19
V1855,Shuttle Bus,69,2025-09-11
V1856,Shuttle Bus,56,2025-09-10
V1857,Shuttle Bus,96,2025-09-29
V1858,Shuttle Bus,93,2025-08-02
V1859,Shuttle Bus,10,2025-08-05
V1860,Shuttle Bus,28,2025-09-25
V1861,Shuttle Bus,86,2025-09-06
V1862,Shuttle Bus,44,2025-08-24
V1863,Shuttle Bus,94,2025-09-17
V1864,Shuttle Bus,59,2025-08-16
V1865,Shuttle Bus,27,2025-09-29
V1866,Shuttle Bus,69,2025-08-14
V1867,Shuttle Bus,32,2025-09-08
V1868,Shuttle Bus,40,2025-09-15
V1869,Shuttle Bus,19,2025-08-26
V1870,Shuttle Bus,100,2025-09-17
V1871,Shuttle Bus,28,2025-09-26
V1872,Shuttle Bus,42,2025-09-16
V1873,Shuttle Bus,92,2025-08-13
V1874,Shuttle Bus,62,2025-08-27
V1875,Shuttle Bus,74,2025-09-09
V1876,Shuttle Bus,94,2025-09-10
V1877,Shuttle Bus,10,2025-09-17
V1878,Shuttle Bus,82,2025-09-27
V1879,Shuttle Bus,92,2025-08-18
V1880,Shuttle Bus,11,2025-08-10
V1881,Shuttle Bus,98,2025-09-18
V1882,Shuttle Bus,41,2025-09-13
V1883,Shuttle Bus,98,2025-08-13
V1884,Shuttle Bus,60,2025-09-13
V1885,Shuttle Bus,41,2025-08-07
V1886,Shuttle Bus,61,2025-08-19
V1887,Shuttle Bus,74,2025-08-29
V1888,Shuttle Bus,49,2025-08-26
V1889,Shuttle Bus,65,2025-09-12
V1890,Shuttle Bus,26,2025-09-30
V1891,Shuttle Bus,78,2025-08-24
V1892,Shuttle Bus,51,2025-09-16
V1893,Shuttle Bus,74,2025-09-17
V1894,Shuttle Bus,15,2025-08-05
V1895,Shuttle Bus,24,2025-08-05
V1896,Shuttle Bus,83,2025-09-04
V1897,Shuttle Bus,50,2025-09-03
V1898,Shuttle Bus,97,2025-08-14
V1899,Shuttle Bus,25,2025-08-14
V1900,Shuttle Bus,39,2025-09-06
V1901,Shuttle Bus,61,2025-08-13
V1902,Shuttle Bus,12,2025-08-18
V1903,Shuttle Bus,38,2025-08-26
V1904,Shuttle Bus,68,2025-08-28
V1905,Shuttle Bus,94,2025-09-20
V1906,Shuttle Bus,24,2025-08-21
V1907,Shuttle Bus,93,2025-09-02
V1908,Shuttle Bus,17,2025-08-31
V1909,Shuttle Bus,24,2025-08-27
V1910,Shuttle Bus,30,2025-09-24
V1911,Shuttle Bus,86,2025-09-01
V1912,Shuttle Bus,22,2025-08-07
V1913,Shuttle Bus,53,2025-08-04
V1914,Shuttle Bus,87,2025-09-10
V1915,Shuttle Bus,44,2025-08-02
V1916,Shuttle Bus,87,2025-09-06
V1917,Shuttle Bus,99,2025-08-18
V1918,Shuttle Bus,18,2025-09-20
V1919,Shuttle Bus,62,2025-09-27
V1920,Shuttle Bus,31,2025-09-28
V1921,Shuttle Bus,90,2025-08-19
V1922,Shuttle Bus,16,2025-09-01
V1923,Shuttle Bus,48,2025-08-04
V1924,Shuttle Bus,33,2025-09-26
V1925,Shuttle Bus,88,2025-09-21
V1926,Shuttle Bus,91,2025-08-31
V1927,Shuttle Bus,78,2025-09-11
V1928,Shuttle Bus,96,2025-08-06
V1929,Shuttle Bus,34,2025-09-24
V1930,Shuttle Bus,86,2025-08-29
V1931,Shuttle Bus,48,2025-08-27
V1932,Shuttle Bus,28,2025-09-24
V1933,Shuttle Bus,59,2025-08-17
V1934,Shuttle Bus,53,2025-09-15
V1935,Shuttle Bus,18,2025-09-16
V1936,Shuttle Bus,23,2025-09-06
V1937,Shuttle Bus,99,2025-08-29
V1938,Shuttle Bus,26,2025-08-18
V1939,Shuttle Bus,11,2025-09-04
V1940,Shuttle Bus,25,2025-08-03
V1941,Shuttle Bus,90,2025-08-06
V1942,Shuttle Bus,21,2025-09-04
V1943,Shuttle Bus,74,2025-08-27
V1944,Shuttle Bus,53,2025-09-21
V1945,Shuttle Bus,24,2025-09-07
V1946,Shuttle Bus,92,2025-09-16
V1947,Shuttle Bus,25,2025-08-08
V1948,Shuttle Bus,76,2025-08-12
V1949,Shuttle Bus,15,2025-08-07
V1950,Shuttle Bus,14,2025-08-25
V1951,Shuttle Bus,48,2025-09-08
V1952,Shuttle Bus,88,2025-09-19
V1953,Shuttle Bus,13,2025-09-20
V1954,Shuttle Bus,92,2025-09-06
V1955,Shuttle Bus,96,2025-09-07
V1956,Shuttle Bus,68,2025-08-27
V1957,Shuttle Bus,19,2025-08-09
V1958,Shuttle Bus,23,2025-09-12
V1959,Shuttle Bus,28,2025-09-01
V1960,Shuttle Bus,67,2025-09-30
V1961,Shuttle Bus,98,2025-09-17
V1962,Shuttle Bus,40,2025-09-01
V1963,Shuttle Bus,93,2025-08-30
V1964,Shuttle Bus,73,2025-08-08
V1965,Shuttle Bus,22,2025-08-01
V1966,Shuttle Bus,63,2025-08-06
V1967,Shuttle Bus,11,2025-09-16
V1968,Shuttle Bus,77,2025-09-02
V1969,Shuttle Bus,27,2025-09-10
V1970,Shuttle Bus,48,2025-09-30
V1971,Shuttle Bus,26,2025-08-29
V1972,Shuttle Bus,14,2025-09-14
V1973,Shuttle Bus,65,2025-08-08
V1974,Shuttle Bus,58,2025-09-24
V1975,Shuttle Bus,10,2025-08-03
V1976,Shuttle Bus,49,2025-09-12
V1977,Shuttle Bus,92,2025-09-21
V1978,Shuttle Bus,75,2025-09-22
V1979,Shuttle Bus,57,2025-09-03
V1980,Shuttle Bus,48,2025-09-29
V1981,Shuttle Bus,35,2025-08-18
V1982,Shuttle Bus,72,2025-09-03
V1983,Shuttle Bus,38,2025-08-03
V1984,Shuttle Bus,14,2025-08-15
V1985,Shuttle Bus,73,2025-08-17
V1986,Shuttle Bus,50,2025-09-06
V1987,Shuttle Bus,25,2025-08-03
V1988,Shuttle Bus,43,2025-09-05
V1989,Shuttle Bus,28,2025-09-30
V1990,Shuttle Bus,58,2025-08-14
V1991,Shuttle Bus,18,2025-09-05
V1992,Shuttle Bus,44,2025-09-01
V1993,Shuttle Bus,59,2025-08-14
V1994,Shuttle Bus,10,2025-08-01
V1995,Shuttle Bus,15,2025-09-09
V1996,Shuttle Bus,43,2025-09-18
V1997,Shuttle Bus,71,2025-09-24
V1998,Shuttle Bus,44,2025-09-14
V1999,Shuttle Bus,76,2025-08-28
V2000,Shuttle Bus,41,2025-09-30
V2001,Shuttle Bus,37,2025-08-12
V2002,Shuttle Bus,47,2025-09-14
V2003,Shuttle Bus,28,2025-08-08
V2004,Shuttle Bus,15,2025-09-03
V2005,Shuttle Bus,32,2025-09-10
V2006,Shuttle Bus,88,2025-08-09
V2007,Shuttle Bus,35,2025-09-13
V2008,Shuttle Bus,15,2025-08-28
V2009,Shuttle Bus,50,2025-08-18
V2010,Shuttle Bus,14,2025-09-13
V2011,Shuttle Bus,62,2025-08-16
V2012,Shuttle Bus,32,2025-08-30
V2013,Shuttle Bus,77,2025-08-23
V2014,Shuttle Bus,86,2025-08-05
V2015,Shuttle Bus,24,2025-09-13
V2016,Shuttle Bus,25,2025-09-07
V2017,Shuttle Bus,79,2025-08-02
V2018,Shuttle Bus,16,2025-09-22
V2019,Shuttle Bus,87,2025-09-15
V2020,Shuttle Bus,86,2025-09-13
V2021,Shuttle Bus,66,2025-08-30
V2022,Shuttle Bus,16,2025-09-11
V2023,Shuttle Bus,97,2025-09-30
V2024,Shuttle Bus,88,2025-08-26
V2025,Shuttle Bus,96,2025-08-24
V2026,Shuttle Bus,48,2025-09-18
V2027,Shuttle Bus,20,2025-09-19
V2028,Shuttle Bus,36,2025-08-19
V2029,Shuttle Bus,81,2025-09-28
V2030,Shuttle Bus,94,2025-08-22
V2031,Shuttle Bus,81,2025-08-25
V2032,Shuttle Bus,24,2025-08-16
V2033,Shuttle Bus,37,2025-09-02
V2034,Shuttle Bus,89,2025-09-20
V2035,Shuttle Bus,29,2025-09-27
V2036,Shuttle Bus,16,2025-08-23
V2037,Shuttle Bus,37,2025-09-03
V2038,Shuttle Bus,13,2025-08-19
V2039,Shuttle Bus,100,2025-09-22
V2040,Shuttle Bus,29,2025-08-28
V2041,Shuttle Bus,34,2025-08-02
V2042,Shuttle Bus,97,2025-08-13
V2043,Shuttle Bus,96,2025-09-29
V2044,Shuttle Bus,14,2025-09-18
V2045,Shuttle Bus,21,2025-09-01
V2046,Shuttle Bus,21,2025-09-05
V2047,Shuttle Bus,30,2025-09-13
V2048,Shuttle Bus,19,2025-09-14
V2049,Shuttle Bus,55,2025-09-15
V2050,Shuttle Bus,100,2025-09-01
V2051,Shuttle Bus,100,2025-09-02
V2052,Shuttle Bus,80,2025-08-17
V2053,Shuttle Bus,47,2025-08-23
V2054,Shuttle Bus,87,2025-09-20
V2055,Shuttle Bus,10,2025-08-13
V2056,Shuttle Bus,58,2025-08-21
V2057,Shuttle Bus,71,2025-09-17
V2058,Shuttle Bus,46,2025-08-21
V2059,Shuttle Bus,88,2025-08-29
V2060,Shuttle Bus,94,2025-08-17
V2061,Shuttle Bus,34,2025-09-02
V2062,Shuttle Bus,33,2025-09-06
V2063,Shuttle Bus,67,2025-08-01
V2064,Shuttle Bus,33,2025-08-18
V2065,Shuttle Bus,98,2025-08-05
V2066,Shuttle Bus,85,2025-09-20
V2067,Shuttle Bus,32,2025-09-05
V2068,Shuttle Bus,92,2025-08-27
V2069,Shuttle Bus,60,2025-09-24
V2070,Shuttle Bus,54,2025-09-26
V2071,Shuttle Bus,88,2025-08-25
V2072,Shuttle Bus,55,2025-08-01
V2073,Shuttle Bus,42,2025-09-10
V2074,Shuttle Bus,95,2025-08-09
V2075,Shuttle Bus,34,2025-09-22
V2076,Shuttle Bus,49,2025-09-18
V2077,Shuttle Bus,16,2025-08-03
V2078,Shuttle Bus,45,2025-08-21
V2079,Shuttle Bus,73,2025-08-11
V2080,Shuttle Bus,11,2025-08-23
V2081,Shuttle Bus,22,2025-09-04
V2082,Shuttle Bus,61,2025-09-05
V2083,Shuttle Bus,82,2025-09-16
V2084,Shuttle Bus,92,2025-09-20
V2085,Shuttle Bus,82,2025-08-05
V2086,Shuttle Bus,36,2025-08-17
V2087,Shuttle Bus,18,2025-09-21
V2088,Shuttle Bus,80,2025-08-14
V2089,Shuttle Bus,25,2025-09-13
V2090,Shuttle Bus,79,2025-09-07
V2091,Shuttle Bus,82,2025-09-11
V2092,Shuttle Bus,45,2025-08-13
V2093,Shuttle Bus,50,2025-09-05
V2094,Shuttle Bus,99,2025-09-16
V2095,Shuttle Bus,18,2025-08-07
V2096,Shuttle Bus,62,2025-08-12
V2097,Shuttle Bus,12,2025-09-18
V2098,Shuttle Bus,31,2025-09-16
V2099,Shuttle Bus,82,2025-08-06
V2100,Shuttle Bus,57,2025-08-21
